Workbook

Sheet Settembre
A1: Foglio orario Lezioni svolte
A2: Giorno lezione (dd/mm/aaaa) | B2: Ora inizio | C2: Ora Fine | D2: Ore svolte | E2: Argomento | F2: Pagata
D3: =C3-B3 -> 0 | F3: Non eseguita
D4: =C4-B4 -> 0 | F4: Non eseguita
D5: =C5-B5 -> 0 | F5: Non eseguita
D6: =C6-B6 -> 0 | F6: Non eseguita
D7: =C7-B7 -> 0 | F7: Non eseguita
D8: =C8-B8 -> 0 | F8: Non eseguita
D9: =C9-B9 -> 0 | F9: Non eseguita
D10: =C10-B10 -> 0 | F10: Non eseguita
D11: =C11-B11 -> 0 | F11: Non eseguita
D12: =C12-B12 -> 0 | F12: Non eseguita
D13: =C13-B13 -> 0 | F13: Non eseguita
D14: =C14-B14 -> 0 | F14: Non eseguita
... D19: =C19-B19 -> 0 | F19: Non eseguita

Sheet Ottobre
A1: Foglio orario Lezioni svolte
A2: Giorno lezione (dd/mm/aaaa) | B2: Ora inizio | C2: Ora Fine | D2: Ore svolte | E2: Argomento | F2: Pagata
D3: =C3-B3 -> 0 | F3: Non eseguita
D4: =C4-B4 -> 0 | F4: Non eseguita
D5: =C5-B5 -> 0 | F5: Non eseguita
D6: =C6-B6 -> 0 | F6: Non eseguita
D7: =C7-B7 -> 0 | F7: Non eseguita
D8: =C8-B8 -> 0 | F8: Non eseguita
D9: =C9-B9 -> 0 | F9: Non eseguita
D10: =C10-B10 -> 0 | F10: Non eseguita
D11: =C11-B11 -> 0 | F11: Non eseguita
D12: =C12-B12 -> 0 | F12: Non eseguita

Sheet Novembre
A1: Foglio orario Lezioni svolte
A2: Giorno lezione (dd/mm/aaaa) | B2: Ora inizio | C2: Ora Fine | D2: Ore svolte | E2: Argomento | F2: Pagata
D3: =C3-B3 -> 0 | F3: Non eseguita
D4: =C4-B4 -> 0 | F4: Non eseguita
D5: =C5-B5 -> 0 | F5: Non eseguita
D6: =C6-B6 -> 0 | F6: Non eseguita
D7: =C7-B7 -> 0 | F7: Non eseguita
D8: =C8-B8 -> 0 | F8: Non eseguita
D9: =C9-B9 -> 0 | F9: Non eseguita
D10: =C10-B10 -> 0 | F10: Non eseguita
D11: =C11-B11 -> 0 | F11: Non eseguita
D12: =C12-B12 -> 0 | F12: Non eseguita
D13: =C13-B13 -> 0 | F13: Non eseguita
D14: =C14-B14 -> 0 | F14: Non eseguita
... D19: =C19-B19 -> 0 | F19: Non eseguita

Sheet Dicembre
A1: Foglio orario Lezioni svolte
A2: Giorno lezione (dd/mm/aaaa) | B2: Ora inizio | C2: Ora Fine | D2: Ore svolte | E2: Argomento | F2: Pagata
D3: =C3-B3 -> 0 | F3: Non eseguita
D4: =C4-B4 -> 0 | F4: Non eseguita
D5: =C5-B5 -> 0 | F5: Non eseguita
D6: =C6-B6 -> 0 | F6: Non eseguita
D7: =C7-B7 -> 0 | F7: Non eseguita
D8: =C8-B8 -> 0 | F8: Non eseguita
D9: =C9-B9 -> 0 | F9: Non eseguita
D10: =C10-B10 -> 0 | F10: Non eseguita
D11: =C11-B11 -> 0 | F11: Non eseguita
D12: =C12-B12 -> 0 | F12: Non eseguita
D13: =C13-B13 -> 0 | F13: Non eseguita
D14: =C14-B14 -> 0 | F14: Non eseguita
... D19: =C19-B19 -> 0 | F19: Non eseguita

Sheet Gennaio
A1: Foglio orario Lezioni svolte
A2: Giorno lezione (dd/mm/aaaa) | B2: Ora inizio | C2: Ora Fine | D2: Ore svolte | E2: Argomento | F2: Pagata
D3: =C3-B3 -> 0 | F3: Non eseguita
D4: =C4-B4 -> 0 | F4: Non eseguita
D5: =C5-B5 -> 0 | F5: Non eseguita
D6: =C6-B6 -> 0 | F6: Non eseguita
D7: =C7-B7 -> 0 | F7: Non eseguita
D8: =C8-B8 -> 0 | F8: Non eseguita
D9: =C9-B9 -> 0 | F9: Non eseguita
D10: =C10-B10 -> 0 | F10: Non eseguita
D11: =C11-B11 -> 0 | F11: Non eseguita
D12: =C12-B12 -> 0 | F12: Non eseguita
D13: =C13-B13 -> 0 | F13: Non eseguita
D14: =C14-B14 -> 0 | F14: Non eseguita
... D19: =C19-B19 -> 0 | F19: Non eseguita

Sheet Febbraio
A1: Foglio orario Lezioni svolte
A2: Giorno lezione (dd/mm/aaaa) | B2: Ora inizio | C2: Ora Fine | D2: Ore svolte | E2: Argomento | F2: Pagata
D3: =C3-B3 -> 0 | F3: Non eseguita
D4: =C4-B4 -> 0 | F4: Non eseguita
D5: =C5-B5 -> 0 | F5: Non eseguita
D6: =C6-B6 -> 0 | F6: Non eseguita
D7: =C7-B7 -> 0 | F7: Non eseguita
D8: =C8-B8 -> 0 | F8: Non eseguita
D9: =C9-B9 -> 0 | F9: Non eseguita
D10: =C10-B10 -> 0 | F10: Non eseguita
D11: =C11-B11 -> 0 | F11: Non eseguita
D12: =C12-B12 -> 0 | F12: Non eseguita
D13: =C13-B13 -> 0 | F13: Non eseguita
D14: =C14-B14 -> 0 | F14: Non eseguita
... D19: =C19-B19 -> 0 | F19: Non eseguita

Sheet Marzo
A1: Foglio orario Lezioni svolte
A2: Giorno lezione (dd/mm/aaaa) | B2: Ora inizio | C2: Ora Fine | D2: Ore svolte | E2: Argomento | F2: Pagata
D3: =C3-B3 -> 0 | F3: Non eseguita
D4: =C4-B4 -> 0 | F4: Non eseguita
D5: =C5-B5 -> 0 | F5: Non eseguita
D6: =C6-B6 -> 0 | F6: Non eseguita
D7: =C7-B7 -> 0 | F7: Non eseguita
D8: =C8-B8 -> 0 | F8: Non eseguita
D9: =C9-B9 -> 0 | F9: Non eseguita
D10: =C10-B10 -> 0 | F10: Non eseguita
D11: =C11-B11 -> 0 | F11: Non eseguita
D12: =C12-B12 -> 0 | F12: Non eseguita
D13: =C13-B13 -> 0 | F13: Non eseguita
D14: =C14-B14 -> 0 | F14: Non eseguita
... D19: =C19-B19 -> 0 | F19: Non eseguita

Sheet Aprile
A1: Foglio orario Lezioni svolte
A2: Giorno lezione (dd/mm/aaaa) | B2: Ora inizio | C2: Ora Fine | D2: Ore svolte | E2: Argomento | F2: Pagata
D3: =C3-B3 -> 0 | F3: Non eseguita
D4: =C4-B4 -> 0 | F4: Non eseguita
D5: =C5-B5 -> 0 | F5: Non eseguita
D6: =C6-B6 -> 0 | F6: Non eseguita
D7: =C7-B7 -> 0 | F7: Non eseguita
D8: =C8-B8 -> 0 | F8: Non eseguita
D9: =C9-B9 -> 0 | F9: Non eseguita
D10: =C10-B10 -> 0 | F10: Non eseguita
D11: =C11-B11 -> 0 | F11: Non eseguita
D12: =C12-B12 -> 0 | F12: Non eseguita
D13: =C13-B13 -> 0 | F13: Non eseguita
D14: =C14-B14 -> 0 | F14: Non eseguita
... D19: =C19-B19 -> 0 | F19: Non eseguita

Sheet Maggio
A1: Foglio orario Lezioni svolte
A2: Giorno lezione (dd/mm/aaaa) | B2: Ora inizio | C2: Ora Fine | D2: Ore svolte | E2: Argomento | F2: Pagata
D3: =C3-B3 -> 0 | F3: Non eseguita
D4: =C4-B4 -> 0 | F4: Non eseguita
D5: =C5-B5 -> 0 | F5: Non eseguita
D6: =C6-B6 -> 0 | F6: Non eseguita
D7: =C7-B7 -> 0 | F7: Non eseguita
D8: =C8-B8 -> 0 | F8: Non eseguita
D9: =C9-B9 -> 0 | F9: Non eseguita
D10: =C10-B10 -> 0 | F10: Non eseguita
D11: =C11-B11 -> 0 | F11: Non eseguita
D12: =C12-B12 -> 0 | F12: Non eseguita
D13: =C13-B13 -> 0 | F13: Non eseguita
D14: =C14-B14 -> 0 | F14: Non eseguita
... D19: =C19-B19 -> 0 | F19: Non eseguita

Sheet Giugno
A1: Foglio orario Lezioni svolte
A2: Giorno lezione (dd/mm/aaaa) | B2: Ora inizio | C2: Ora Fine | D2: Ore svolte | E2: Argomento | F2: Pagata
D3: =C3-B3 -> 0 | F3: Non eseguita
D4: =C4-B4 -> 0 | F4: Non eseguita
D5: =C5-B5 -> 0 | F5: Non eseguita
D6: =C6-B6 -> 0 | F6: Non eseguita
D7: =C7-B7 -> 0 | F7: Non eseguita
D8: =C8-B8 -> 0 | F8: Non eseguita
D9: =C9-B9 -> 0 | F9: Non eseguita
D10: =C10-B10 -> 0 | F10: Non eseguita
D11: =C11-B11 -> 0 | F11: Non eseguita
D12: =C12-B12 -> 0 | F12: Non eseguita
D13: =C13-B13 -> 0 | F13: Non eseguita
D14: =C14-B14 -> 0 | F14: Non eseguita
... D19: =C19-B19 -> 0 | F19: Non eseguita

Sheet Luglio
A1: Foglio orario Lezioni svolte
A2: Giorno lezione (dd/mm/aaaa) | B2: Ora inizio | C2: Ora Fine | D2: Ore svolte | E2: Argomento | F2: Pagata
D3: =C3-B3 -> 0 | F3: Non eseguita
D4: =C4-B4 -> 0 | F4: Non eseguita
D5: =C5-B5 -> 0 | F5: Non eseguita
D6: =C6-B6 -> 0 | F6: Non eseguita
D7: =C7-B7 -> 0 | F7: Non eseguita
D8: =C8-B8 -> 0 | F8: Non eseguita
D9: =C9-B9 -> 0 | F9: Non eseguita
D10: =C10-B10 -> 0 | F10: Non eseguita
D11: =C11-B11 -> 0 | F11: Non eseguita
D12: =C12-B12 -> 0 | F12: Non eseguita
D13: =C13-B13 -> 0 | F13: Non eseguita
D14: =C14-B14 -> 0 | F14: Non eseguita
... D19: =C19-B19 -> 0 | F19: Non eseguita

Sheet Agosto
A1: Foglio orario Lezioni svolte
A2: Giorno lezione (dd/mm/aaaa) | B2: Ora inizio | C2: Ora Fine | D2: Ore svolte | E2: Argomento | F2: Pagata
D3: =C3-B3 -> 0 | F3: Non eseguita
D4: =C4-B4 -> 0 | F4: Non eseguita
D5: =C5-B5 -> 0 | F5: Non eseguita
D6: =C6-B6 -> 0 | F6: Non eseguita
D7: =C7-B7 -> 0 | F7: Non eseguita
D8: =C8-B8 -> 0 | F8: Non eseguita
D9: =C9-B9 -> 0 | F9: Non eseguita
D10: =C10-B10 -> 0 | F10: Non eseguita
D11: =C11-B11 -> 0 | F11: Non eseguita
D12: =C12-B12 -> 0 | F12: Non eseguita
D13: =C13-B13 -> 0 | F13: Non eseguita
D14: =C14-B14 -> 0 | F14: Non eseguita
... D19: =C19-B19 -> 0 | F19: Non eseguita

Sheet Calcoli
A1: Introiti per mese | D1: Da incassare
A2: Mese | B2: Incassi previsti | D2: Mese | E2: Incassi previsti
A3: Settembre | B3: =SUM(Settembre!D3:D995)*G5 -> 0 | D3: Settembre | E3: =SUMIF(Settembre!F3:F7,"No",Settembre!D3:D7)*G5 -> 0 | G3: Settings | H3: Totale | J3: Informazioni di Fatturazione (Pagante)
A4: Ottobre | B4: =SUM(Ottobre!D3:D981)*G5 -> 0 | D4: Ottobre | E4: =SUMIF(Ottobre!F3:F5,"No",Ottobre!D3:D5)*G5 -> 0 | G4: Paga oraria | H4: Totale Ragazzo | J4: Nomenclatura | K4: Valore
A5: Novembre | B5: =SUM(Novembre!D3:D999)*G5 -> 0 | D5: Novembre | E5: =SUMIF(Novembre!F3:F11,"No",Novembre!D3:D11)*G5 -> 0 | G5: 0 | H5: =SUM(B2:B14) -> 0 | J5: CF
A6: Dicembre | B6: =SUM(Dicembre!D3:D999)*G5 -> 0 | D6: Dicembre | E6: =SUMIF(Dicembre!F3:F11,"No",Dicembre!D3:D11)*G5 -> 0 | J6: Indirizzo
A7: Gennaio | B7: =SUM(Gennaio!D3:D998)*G5 -> 0 | D7: Gennaio | E7: =SUMIF(Gennaio!F3:F11,"No",Gennaio!D3:D11)*G5 -> 0 | J7: Nome
A8: Febbraio | B8: =SUM(Febbraio!D3:D999)*G5 -> 0 | D8: Febbraio | E8: =SUMIF(Febbraio!F3:F11,"No",Febbraio!D3:D11)*G5 -> 0 | J8: Cognome
A9: Marzo | B9: =SUM(Marzo!D3:D1000)*G5 -> 0 | D9: Marzo | E9: =SUMIF(Marzo!F3:F11,"No",Marzo!D3:D11)*G5 -> 0
A10: Aprile | B10: =SUM(Aprile!D3:D1001)*G5 -> 0 | D10: Aprile | E10: =SUMIF(Aprile!F3:F11,"No",Aprile!D3:D11)*G5 -> 0
A11: Maggio | B11: =SUM(Maggio!D3:D1002)*G5 -> 0 | D11: Maggio | E11: =SUMIF(Maggio!F3:F11,"No",Maggio!D3:D11)*G5 -> 0
A12: Giugno | B12: =SUM(Giugno!D3:D1003)*G5 -> 0 | D12: Giugno | E12: =SUMIF(Giugno!F3:F11,"No",Giugno!D3:D11)*G5 -> 0
A13: Luglio | B13: =SUM(Luglio!D3:D1004)*G5 -> 0 | D13: Luglio | E13: =SUMIF(Luglio!F3:F11,"No",Luglio!D3:D11)*G5 -> 0
A14: Agosto | B14: =SUM(Agosto!D3:D1005)*G5 -> 0 | D14: Agosto | E14: =SUMIF(Agosto!F3:F11,"No",Agosto!D3:D11)*G5 -> 0
